date,store_nbr,family,sales,predicted
2017-07-16,44,GROCERY I,14450.0,15806.369
2017-07-17,44,GROCERY I,10614.0,9063.922
2017-07-18,44,GROCERY I,8737.0,8273.641
2017-07-19,44,GROCERY I,9381.0,10739.054
2017-07-20,44,GROCERY I,7943.0,7797.981
2017-07-21,44,GROCERY I,10264.0,10067.617
2017-07-22,44,GROCERY I,12455.0,13762.112
2017-07-23,44,GROCERY I,14397.0,14802.361
2017-07-24,44,GROCERY I,9370.0,9879.852
2017-07-25,44,GROCERY I,8047.0,9263.023
2017-07-26,44,GROCERY I,8807.0,8903.199
2017-07-27,44,GROCERY I,7171.0,6772.667
2017-07-28,44,GROCERY I,9344.0,9142.065
2017-07-29,44,GROCERY I,13931.0,12991.384
2017-07-30,44,GROCERY I,14472.0,14938.332
2017-07-31,44,GROCERY I,9934.0,9522.529
2017-08-01,44,GROCERY I,10941.0,9630.088
2017-08-02,44,GROCERY I,11156.0,9478.082
2017-08-03,44,GROCERY I,8419.0,8585.894
2017-08-04,44,GROCERY I,9346.0,10232.613
2017-08-05,44,GROCERY I,12463.0,13647.993
2017-08-06,44,GROCERY I,13248.0,15455.833
2017-08-07,44,GROCERY I,8497.0,9400.957
2017-08-08,44,GROCERY I,8201.0,8110.7295
2017-08-09,44,GROCERY I,8062.0,10035.058
2017-08-10,44,GROCERY I,7097.0,7211.465
2017-08-11,44,GROCERY I,9979.0,9067.193
2017-08-12,44,GROCERY I,9391.0,12580.806
2017-08-13,44,GROCERY I,9811.0,13540.664
2017-08-14,44,GROCERY I,8318.0,8303.365
2017-08-15,44,GROCERY I,8123.0,7410.223
2017-07-16,45,GROCERY I,15484.0,17059.31
2017-07-17,45,GROCERY I,11377.0,9376.492
2017-07-18,45,GROCERY I,9816.0,8940.629
2017-07-19,45,GROCERY I,10002.0,9519.571
2017-07-20,45,GROCERY I,8964.0,9580.507
2017-07-21,45,GROCERY I,11043.0,11099.494
2017-07-22,45,GROCERY I,12276.0,13523.108
2017-07-23,45,GROCERY I,15686.0,16954.83
2017-07-24,45,GROCERY I,10864.0,12383.961
2017-07-25,45,GROCERY I,9052.0,8941.43
2017-07-26,45,GROCERY I,9472.0,8775.828
2017-07-27,45,GROCERY I,8061.0,7673.8027
2017-07-28,45,GROCERY I,11241.0,10700.938
2017-07-29,45,GROCERY I,13750.0,13653.6455
2017-07-30,45,GROCERY I,16847.0,17599.193
2017-07-31,45,GROCERY I,11544.0,10658.902
2017-08-01,45,GROCERY I,12327.0,10891.164
2017-08-02,45,GROCERY I,12494.0,10936.043
2017-08-03,45,GROCERY I,9583.0,8886.695
2017-08-04,45,GROCERY I,11562.0,11963.296
2017-08-05,45,GROCERY I,14189.0,14320.017
2017-08-06,45,GROCERY I,15190.0,16847.715
2017-08-07,45,GROCERY I,10574.0,10874.136
2017-08-08,45,GROCERY I,8693.0,9672.685
2017-08-09,45,GROCERY I,9345.0,9532.006
2017-08-10,45,GROCERY I,8044.0,8335.512
2017-08-11,45,GROCERY I,11088.0,10414.443
2017-08-12,45,GROCERY I,9917.0,13100.603
2017-08-13,45,GROCERY I,12723.0,16373.012
2017-08-14,45,GROCERY I,9665.0,10158.5625
2017-08-15,45,GROCERY I,9287.0,10495.274
2017-07-16,47,GROCERY I,14652.0,17028.451
2017-07-17,47,GROCERY I,10518.0,9963.077
2017-07-18,47,GROCERY I,8757.0,8894.156
2017-07-19,47,GROCERY I,9060.0,9293.134
2017-07-20,47,GROCERY I,9547.0,9287.455
2017-07-21,47,GROCERY I,10005.0,9409.348
2017-07-22,47,GROCERY I,11765.0,12760.314
2017-07-23,47,GROCERY I,13957.0,13628.793
2017-07-24,47,GROCERY I,9685.0,11369.35
2017-07-25,47,GROCERY I,8033.0,10520.817
2017-07-26,47,GROCERY I,8963.0,9162.01
2017-07-27,47,GROCERY I,7489.0,7098.2593
2017-07-28,47,GROCERY I,10003.0,9452.652
2017-07-29,47,GROCERY I,13578.0,12796.992
2017-07-30,47,GROCERY I,14800.0,15972.184
2017-07-31,47,GROCERY I,12238.0,9925.787
2017-08-01,47,GROCERY I,12456.0,9504.003
2017-08-02,47,GROCERY I,12263.0,10334.62
2017-08-03,47,GROCERY I,9898.0,10219.361
2017-08-04,47,GROCERY I,10026.0,11628.074
2017-08-05,47,GROCERY I,12937.0,13423.038
2017-08-06,47,GROCERY I,13166.0,13066.818
2017-08-07,47,GROCERY I,8845.0,9658.365
2017-08-08,47,GROCERY I,7973.0,8610.519
2017-08-09,47,GROCERY I,8580.0,8837.037
2017-08-10,47,GROCERY I,8029.0,8235.127
2017-08-11,47,GROCERY I,10297.0,10376.501
2017-08-12,47,GROCERY I,9258.0,12042.105
2017-08-13,47,GROCERY I,10110.0,14214.312
2017-08-14,47,GROCERY I,8946.0,8443.118
2017-08-15,47,GROCERY I,9389.0,7763.998
2017-07-16,46,GROCERY I,13670.0,16929.41
2017-07-17,46,GROCERY I,8229.0,8056.7373
2017-07-18,46,GROCERY I,7533.0,6762.6753
2017-07-19,46,GROCERY I,7649.0,7763.0615
2017-07-20,46,GROCERY I,8007.0,7245.123
2017-07-21,46,GROCERY I,8228.0,8765.46
2017-07-22,46,GROCERY I,12313.0,12782.464
2017-07-23,46,GROCERY I,14753.0,16505.031
2017-07-24,46,GROCERY I,9023.0,9188.696
2017-07-25,46,GROCERY I,7316.0,9406.525
2017-07-26,46,GROCERY I,7277.0,7167.1416
2017-07-27,46,GROCERY I,7063.0,5800.2954
2017-07-28,46,GROCERY I,9776.0,6964.6436
2017-07-29,46,GROCERY I,14358.0,14415.222
2017-07-30,46,GROCERY I,16077.0,16714.734
2017-07-31,46,GROCERY I,11039.0,9281.514
2017-08-01,46,GROCERY I,11574.0,8230.717
2017-08-02,46,GROCERY I,10701.0,8348.268
2017-08-03,46,GROCERY I,8086.0,7737.4478
2017-08-04,46,GROCERY I,8728.0,8499.563
2017-08-05,46,GROCERY I,13244.0,14052.499
2017-08-06,46,GROCERY I,14233.0,15653.7295
2017-08-07,46,GROCERY I,9189.0,7646.995
2017-08-08,46,GROCERY I,6828.0,7182.319
2017-08-09,46,GROCERY I,6995.0,7638.5293
2017-08-10,46,GROCERY I,6352.0,6796.9414
2017-08-11,46,GROCERY I,9934.0,10207.999
2017-08-12,46,GROCERY I,9218.0,11110.03
2017-08-13,46,GROCERY I,10557.0,12289.055
2017-08-14,46,GROCERY I,7570.0,6947.63
2017-08-15,46,GROCERY I,7222.0,7573.285
2017-07-16,44,BEVERAGES,16317.0,18565.152
2017-07-17,44,BEVERAGES,10285.0,9345.331
2017-07-18,44,BEVERAGES,8366.0,8244.932
2017-07-19,44,BEVERAGES,9559.0,9894.409
2017-07-20,44,BEVERAGES,7934.0,8283.136
2017-07-21,44,BEVERAGES,9026.0,9824.41
2017-07-22,44,BEVERAGES,15048.0,14092.678
2017-07-23,44,BEVERAGES,14396.0,15585.321
2017-07-24,44,BEVERAGES,9830.0,9429.287
2017-07-25,44,BEVERAGES,6862.0,9665.438
2017-07-26,44,BEVERAGES,7453.0,8975.416
2017-07-27,44,BEVERAGES,7400.0,7624.152
2017-07-28,44,BEVERAGES,10013.0,8722.768
2017-07-29,44,BEVERAGES,16087.0,14647.219
2017-07-30,44,BEVERAGES,18340.0,14711.777
2017-07-31,44,BEVERAGES,10860.0,8361.127
2017-08-01,44,BEVERAGES,10808.0,7259.745
2017-08-02,44,BEVERAGES,9461.0,11420.26
2017-08-03,44,BEVERAGES,7396.0,9224.685
2017-08-04,44,BEVERAGES,8620.0,10201.313
2017-08-05,44,BEVERAGES,12455.0,16485.098
2017-08-06,44,BEVERAGES,12913.0,14987.048
2017-08-07,44,BEVERAGES,8254.0,8702.399
2017-08-08,44,BEVERAGES,6967.0,7716.0474
2017-08-09,44,BEVERAGES,7679.0,8259.005
2017-08-10,44,BEVERAGES,7595.0,6519.6006
2017-08-11,44,BEVERAGES,9517.0,8820.698
2017-08-12,44,BEVERAGES,9624.0,15173.668
2017-08-13,44,BEVERAGES,10491.0,15159.868
2017-08-14,44,BEVERAGES,7322.0,8454.793
2017-08-15,44,BEVERAGES,7351.0,8164.4263
